{"cameraMode":{"drawMode":0,"name":"Shaded","section":"Shading Mode"},"sceneLighting":true,"audioPlay":false,"sceneViewState":{"showFog":true,"showMaterialUpdate":false,"showSkybox":true,"showFlares":true,"showImageEffects":true,"showParticleSystems":true,"showVisualEffectGraphs":true,"m_FxEnabled":true},"in2DMode":false,"pivot":{"x":0.24441760778427125,"y":3.3077468872070314,"z":0.6418428421020508},"rotation":{"x":0.23157043755054475,"y":0.06996815651655197,"z":-0.01670072041451931,"w":0.9701562523841858},"size":4.169900894165039,"orthographic":false}