{"cameraMode":{"drawMode":0,"name":"Shaded","section":"Shading Mode"},"sceneLighting":true,"audioPlay":false,"sceneViewState":{"showFog":true,"showMaterialUpdate":false,"showSkybox":true,"showFlares":true,"showImageEffects":true,"showParticleSystems":true,"showVisualEffectGraphs":true,"m_FxEnabled":true},"in2DMode":false,"pivot":{"x":-0.8800427913665772,"y":0.8101599216461182,"z":0.33469200134277346},"rotation":{"x":0.00018070745863951743,"y":-0.8166111707687378,"z":0.0002516520326025784,"w":0.5772007703781128},"size":2.08095383644104,"orthographic":false}